name,userid,note,morning_understanding,afternoon_understanding
정수영,65520,n11,2,1
정수영,65520,n12,미진행,3
정수영,65520,n13,2,3
정수영,65520,n14,2,3
정수영,65520,n21,2,1
정수영,65520,n22,미진행,2
정수영,65520,n23,미진행,3
정수영,65520,n24,2,2
정수영,65520,n31,3,1
정수영,65520,n32,2,2
정수영,65520,n33,1,2
정수영,65520,n34,1,미진행
김예윤,86899,n11,3,미진행
김예윤,86899,n12,2,미진행
김예윤,86899,n13,2,미진행
김예윤,86899,n14,미진행,1
김예윤,86899,n21,2,3
김예윤,86899,n22,3,2
김예윤,86899,n23,1,1
김예윤,86899,n24,3,미진행
김예윤,86899,n31,미진행,3
김예윤,86899,n32,3,2
김예윤,86899,n33,미진행,1
김예윤,86899,n34,2,1
조성아,77405,n11,1,1
조성아,77405,n12,3,2
조성아,77405,n13,1,2
조성아,77405,n14,1,1
조성아,77405,n21,3,미진행
조성아,77405,n22,미진행,3
조성아,77405,n23,2,3
조성아,77405,n24,1,1
조성아,77405,n31,미진행,3
조성아,77405,n32,미진행,2
조성아,77405,n33,2,3
조성아,77405,n34,1,1
강지수,41239,n11,3,3
강지수,41239,n12,2,1
강지수,41239,n13,1,3
강지수,41239,n14,3,1
강지수,41239,n21,3,2
강지수,41239,n22,미진행,3
강지수,41239,n23,1,미진행
강지수,41239,n24,3,2
강지수,41239,n31,미진행,1
강지수,41239,n32,2,1
강지수,41239,n33,3,3
강지수,41239,n34,미진행,미진행
박유호,61444,n11,2,미진행
박유호,61444,n12,2,미진행
박유호,61444,n13,2,3
박유호,61444,n14,2,3
박유호,61444,n21,미진행,2
박유호,61444,n22,미진행,2
박유호,61444,n23,미진행,미진행
박유호,61444,n24,2,1
박유호,61444,n31,미진행,미진행
박유호,61444,n32,1,1
박유호,61444,n33,2,2
박유호,61444,n34,2,2
김민훈,58372,n11,1,미진행
김민훈,58372,n12,1,미진행
김민훈,58372,n13,2,미진행
김민훈,58372,n14,3,1
김민훈,58372,n21,2,1
김민훈,58372,n22,미진행,미진행
김민훈,58372,n23,3,미진행
김민훈,58372,n24,2,3
김민훈,58372,n31,3,미진행
김민훈,58372,n32,2,2
김민훈,58372,n33,1,3
김민훈,58372,n34,1,미진행
정예아,60793,n11,2,3
정예아,60793,n12,3,3
정예아,60793,n13,미진행,미진행
정예아,60793,n14,2,미진행
정예아,60793,n21,3,미진행
정예아,60793,n22,3,2
정예아,60793,n23,3,2
정예아,60793,n24,1,3
정예아,60793,n31,미진행,2
정예아,60793,n32,2,3
정예아,60793,n33,1,미진행
정예아,60793,n34,1,3
장수진,58889,n11,1,3
장수진,58889,n12,3,1
장수진,58889,n13,1,2
장수진,58889,n14,미진행,1
장수진,58889,n21,미진행,1
장수진,58889,n22,1,미진행
장수진,58889,n23,1,3
장수진,58889,n24,미진행,3
장수진,58889,n31,1,1
장수진,58889,n32,3,1
장수진,58889,n33,3,1
장수진,58889,n34,2,2
장영원,27397,n11,미진행,3
장영원,27397,n12,2,미진행
장영원,27397,n13,1,1
장영원,27397,n14,미진행,1
장영원,27397,n21,3,미진행
장영원,27397,n22,1,미진행
장영원,27397,n23,미진행,3
장영원,27397,n24,1,미진행
장영원,27397,n31,미진행,3
장영원,27397,n32,3,미진행
장영원,27397,n33,1,2
장영원,27397,n34,1,3
강영호,98925,n11,미진행,2
강영호,98925,n12,3,1
강영호,98925,n13,미진행,1
강영호,98925,n14,1,1
강영호,98925,n21,1,3
강영호,98925,n22,3,1
강영호,98925,n23,1,1
강영호,98925,n24,1,2
강영호,98925,n31,2,1
강영호,98925,n32,3,미진행
강영호,98925,n33,2,1
강영호,98925,n34,3,1
임영수,28086,n11,2,3
임영수,28086,n12,3,미진행
임영수,28086,n13,미진행,2
임영수,28086,n14,미진행,미진행
임영수,28086,n21,미진행,1
임영수,28086,n22,1,2
임영수,28086,n23,미진행,1
임영수,28086,n24,미진행,1
임영수,28086,n31,3,2
임영수,28086,n32,3,미진행
임영수,28086,n33,미진행,미진행
임영수,28086,n34,미진행,1
박예훈,71457,n11,1,1
박예훈,71457,n12,1,3
박예훈,71457,n13,미진행,미진행
박예훈,71457,n14,2,미진행
박예훈,71457,n21,1,1
박예훈,71457,n22,1,미진행
박예훈,71457,n23,2,1
박예훈,71457,n24,미진행,미진행
박예훈,71457,n31,1,미진행
박예훈,71457,n32,3,2
박예훈,71457,n33,1,3
박예훈,71457,n34,2,2
최지영,67205,n11,1,미진행
최지영,67205,n12,미진행,3
최지영,67205,n13,2,3
최지영,67205,n14,3,미진행
최지영,67205,n21,미진행,1
최지영,67205,n22,3,2
최지영,67205,n23,2,미진행
최지영,67205,n24,2,2
최지영,67205,n31,1,2
최지영,67205,n32,미진행,미진행
최지영,67205,n33,2,1
최지영,67205,n34,2,1
김혜호,41407,n11,2,미진행
김혜호,41407,n12,3,2
김혜호,41407,n13,미진행,1
김혜호,41407,n14,1,2
김혜호,41407,n21,1,2
김혜호,41407,n22,미진행,2
김혜호,41407,n23,1,2
김혜호,41407,n24,2,3
김혜호,41407,n31,미진행,1
김혜호,41407,n32,미진행,1
김혜호,41407,n33,2,미진행
김혜호,41407,n34,1,1
윤유윤,32420,n11,2,2
윤유윤,32420,n12,미진행,2
윤유윤,32420,n13,1,3
윤유윤,32420,n14,1,3
윤유윤,32420,n21,미진행,2
윤유윤,32420,n22,미진행,1
윤유윤,32420,n23,1,미진행
윤유윤,32420,n24,미진행,미진행
윤유윤,32420,n31,1,미진행
윤유윤,32420,n32,2,1
윤유윤,32420,n33,미진행,1
윤유윤,32420,n34,2,1
김민윤,55693,n11,1,1
김민윤,55693,n12,미진행,3
김민윤,55693,n13,3,1
김민윤,55693,n14,미진행,3
김민윤,55693,n21,미진행,미진행
김민윤,55693,n22,2,2
김민윤,55693,n23,미진행,3
김민윤,55693,n24,1,1
김민윤,55693,n31,2,1
김민윤,55693,n32,1,미진행
김민윤,55693,n33,미진행,3
김민윤,55693,n34,미진행,미진행
최지훈,78052,n11,2,미진행
최지훈,78052,n12,3,1
최지훈,78052,n13,미진행,3
최지훈,78052,n14,3,1
최지훈,78052,n21,미진행,1
최지훈,78052,n22,2,2
최지훈,78052,n23,미진행,미진행
최지훈,78052,n24,2,3
최지훈,78052,n31,1,2
최지훈,78052,n32,1,2
최지훈,78052,n33,미진행,2
최지훈,78052,n34,미진행,미진행
임지윤,45574,n11,미진행,1
임지윤,45574,n12,미진행,1
임지윤,45574,n13,2,1
임지윤,45574,n14,1,3
임지윤,45574,n21,미진행,1
임지윤,45574,n22,2,2
임지윤,45574,n23,1,2
임지윤,45574,n24,2,1
임지윤,45574,n31,1,2
임지윤,45574,n32,3,3
임지윤,45574,n33,1,미진행
임지윤,45574,n34,미진행,미진행
정예영,88725,n11,3,1
정예영,88725,n12,3,미진행
정예영,88725,n13,2,미진행
정예영,88725,n14,3,미진행
정예영,88725,n21,2,미진행
정예영,88725,n22,2,1
정예영,88725,n23,미진행,3
정예영,88725,n24,1,3
정예영,88725,n31,2,2
정예영,88725,n32,3,1
정예영,88725,n33,1,3
정예영,88725,n34,2,3
장민호,33293,n11,2,1
장민호,33293,n12,미진행,미진행
장민호,33293,n13,2,1
장민호,33293,n14,1,3
장민호,33293,n21,2,미진행
장민호,33293,n22,3,2
장민호,33293,n23,1,미진행
장민호,33293,n24,3,3
장민호,33293,n31,미진행,2
장민호,33293,n32,3,2
장민호,33293,n33,미진행,1
장민호,33293,n34,3,3
정철아,34073,n11,2,1
정철아,34073,n12,미진행,1
정철아,34073,n13,1,1
정철아,34073,n14,3,미진행
정철아,34073,n21,미진행,미진행
정철아,34073,n22,1,3
정철아,34073,n23,3,미진행
정철아,34073,n24,2,2
정철아,34073,n31,3,2
정철아,34073,n32,미진행,3
정철아,34073,n33,3,2
정철아,34073,n34,2,3
임유아,64917,n11,미진행,3
임유아,64917,n12,1,2
임유아,64917,n13,2,미진행
임유아,64917,n14,3,2
임유아,64917,n21,미진행,3
임유아,64917,n22,2,미진행
임유아,64917,n23,2,2
임유아,64917,n24,1,미진행
임유아,64917,n31,2,1
임유아,64917,n32,3,1
임유아,64917,n33,3,3
임유아,64917,n34,2,2
최예영,23737,n11,2,2
최예영,23737,n12,미진행,미진행
최예영,23737,n13,2,미진행
최예영,23737,n14,3,미진행
최예영,23737,n21,2,3
최예영,23737,n22,미진행,미진행
최예영,23737,n23,3,3
최예영,23737,n24,2,미진행
최예영,23737,n31,1,3
최예영,23737,n32,3,3
최예영,23737,n33,3,미진행
최예영,23737,n34,3,1
박민수,27454,n11,2,1
박민수,27454,n12,2,2
박민수,27454,n13,1,3
박민수,27454,n14,미진행,3
박민수,27454,n21,3,3
박민수,27454,n22,2,3
박민수,27454,n23,2,1
박민수,27454,n24,1,1
박민수,27454,n31,2,2
박민수,27454,n32,3,1
박민수,27454,n33,미진행,1
박민수,27454,n34,2,2
정지호,19194,n11,1,2
정지호,19194,n12,2,1
정지호,19194,n13,미진행,3
정지호,19194,n14,2,2
정지호,19194,n21,1,미진행
정지호,19194,n22,미진행,미진행
정지호,19194,n23,1,1
정지호,19194,n24,3,2
정지호,19194,n31,2,미진행
정지호,19194,n32,2,미진행
정지호,19194,n33,2,3
정지호,19194,n34,3,2
임유윤,10768,n11,1,1
임유윤,10768,n12,2,3
임유윤,10768,n13,1,1
임유윤,10768,n14,2,미진행
임유윤,10768,n21,2,미진행
임유윤,10768,n22,3,미진행
임유윤,10768,n23,1,2
임유윤,10768,n24,1,1
임유윤,10768,n31,미진행,1
임유윤,10768,n32,미진행,2
임유윤,10768,n33,미진행,3
임유윤,10768,n34,2,미진행
김수호,47331,n11,미진행,2
김수호,47331,n12,2,2
김수호,47331,n13,2,1
김수호,47331,n14,1,3
김수호,47331,n21,2,미진행
김수호,47331,n22,1,3
김수호,47331,n23,2,3
김수호,47331,n24,미진행,3
김수호,47331,n31,2,미진행
김수호,47331,n32,3,1
김수호,47331,n33,1,1
김수호,47331,n34,미진행,1
장혜원,56615,n11,미진행,1
장혜원,56615,n12,미진행,2
장혜원,56615,n13,2,1
장혜원,56615,n14,1,미진행
장혜원,56615,n21,미진행,3
장혜원,56615,n22,2,미진행
장혜원,56615,n23,미진행,미진행
장혜원,56615,n24,미진행,3
장혜원,56615,n31,미진행,미진행
장혜원,56615,n32,미진행,3
장혜원,56615,n33,2,1
장혜원,56615,n34,미진행,미진행
이지진,71637,n11,1,미진행
이지진,71637,n12,미진행,미진행
이지진,71637,n13,2,미진행
이지진,71637,n14,미진행,3
이지진,71637,n21,미진행,미진행
이지진,71637,n22,2,2
이지진,71637,n23,미진행,미진행
이지진,71637,n24,1,2
이지진,71637,n31,2,1
이지진,71637,n32,미진행,3
이지진,71637,n33,2,미진행
이지진,71637,n34,3,3
강성아,59710,n11,미진행,3
강성아,59710,n12,3,3
강성아,59710,n13,2,1
강성아,59710,n14,3,1
강성아,59710,n21,2,3
강성아,59710,n22,1,3
강성아,59710,n23,1,3
강성아,59710,n24,2,2
강성아,59710,n31,1,1
강성아,59710,n32,미진행,2
강성아,59710,n33,3,2
강성아,59710,n34,3,1
조성윤,49889,n11,미진행,2
조성윤,49889,n12,2,2
조성윤,49889,n13,2,미진행
조성윤,49889,n14,1,2
조성윤,49889,n21,미진행,2
조성윤,49889,n22,2,3
조성윤,49889,n23,2,2
조성윤,49889,n24,3,1
조성윤,49889,n31,1,1
조성윤,49889,n32,1,2
조성윤,49889,n33,3,1
조성윤,49889,n34,미진행,2
박혜아,11612,n11,미진행,미진행
박혜아,11612,n12,2,2
박혜아,11612,n13,2,3
박혜아,11612,n14,1,1
박혜아,11612,n21,3,3
박혜아,11612,n22,3,2
박혜아,11612,n23,2,3
박혜아,11612,n24,2,1
박혜아,11612,n31,2,3
박혜아,11612,n32,2,2
박혜아,11612,n33,1,2
박혜아,11612,n34,2,3
박예호,29133,n11,미진행,미진행
박예호,29133,n12,3,2
박예호,29133,n13,3,3
박예호,29133,n14,2,2
박예호,29133,n21,1,2
박예호,29133,n22,3,3
박예호,29133,n23,3,미진행
박예호,29133,n24,3,2
박예호,29133,n31,2,1
박예호,29133,n32,2,2
박예호,29133,n33,3,1
박예호,29133,n34,미진행,1
임예영,20338,n11,미진행,3
임예영,20338,n12,1,1
임예영,20338,n13,1,2
임예영,20338,n14,미진행,1
임예영,20338,n21,미진행,미진행
임예영,20338,n22,3,3
임예영,20338,n23,2,3
임예영,20338,n24,2,1
임예영,20338,n31,미진행,3
임예영,20338,n32,2,3
임예영,20338,n33,2,미진행
임예영,20338,n34,1,1
윤수호,25829,n11,미진행,3
윤수호,25829,n12,2,1
윤수호,25829,n13,2,미진행
윤수호,25829,n14,3,미진행
윤수호,25829,n21,미진행,미진행
윤수호,25829,n22,2,1
윤수호,25829,n23,2,2
윤수호,25829,n24,1,미진행
윤수호,25829,n31,3,미진행
윤수호,25829,n32,미진행,3
윤수호,25829,n33,미진행,미진행
윤수호,25829,n34,3,2
박예민,43077,n11,1,1
박예민,43077,n12,3,미진행
박예민,43077,n13,1,미진행
박예민,43077,n14,1,미진행
박예민,43077,n21,2,미진행
박예민,43077,n22,3,2
박예민,43077,n23,미진행,미진행
박예민,43077,n24,미진행,미진행
박예민,43077,n31,1,미진행
박예민,43077,n32,2,미진행
박예민,43077,n33,3,미진행
박예민,43077,n34,3,미진행
박예진,83076,n11,1,2
박예진,83076,n12,3,2
박예진,83076,n13,2,미진행
박예진,83076,n14,2,3
박예진,83076,n21,미진행,1
박예진,83076,n22,미진행,미진행
박예진,83076,n23,1,2
박예진,83076,n24,2,미진행
박예진,83076,n31,1,2
박예진,83076,n32,2,미진행
박예진,83076,n33,3,미진행
박예진,83076,n34,미진행,3
윤혜원,67166,n11,1,2
윤혜원,67166,n12,1,2
윤혜원,67166,n13,1,1
윤혜원,67166,n14,3,2
윤혜원,67166,n21,1,미진행
윤혜원,67166,n22,2,2
윤혜원,67166,n23,1,3
윤혜원,67166,n24,미진행,1
윤혜원,67166,n31,1,1
윤혜원,67166,n32,2,3
윤혜원,67166,n33,2,2
윤혜원,67166,n34,1,3
윤혜윤,25443,n11,2,미진행
윤혜윤,25443,n12,3,2
윤혜윤,25443,n13,미진행,3
윤혜윤,25443,n14,1,3
윤혜윤,25443,n21,미진행,3
윤혜윤,25443,n22,1,미진행
윤혜윤,25443,n23,미진행,미진행
윤혜윤,25443,n24,1,1
윤혜윤,25443,n31,2,2
윤혜윤,25443,n32,미진행,1
윤혜윤,25443,n33,1,미진행
윤혜윤,25443,n34,2,미진행
김유호,67557,n11,미진행,미진행
김유호,67557,n12,미진행,2
김유호,67557,n13,미진행,3
김유호,67557,n14,3,미진행
김유호,67557,n21,1,2
김유호,67557,n22,3,3
김유호,67557,n23,3,3
김유호,67557,n24,1,3
김유호,67557,n31,미진행,미진행
김유호,67557,n32,2,미진행
김유호,67557,n33,2,미진행
김유호,67557,n34,2,2
박민훈,53405,n11,3,2
박민훈,53405,n12,2,3
박민훈,53405,n13,1,미진행
박민훈,53405,n14,1,1
박민훈,53405,n21,2,2
박민훈,53405,n22,미진행,2
박민훈,53405,n23,2,1
박민훈,53405,n24,미진행,3
박민훈,53405,n31,1,2
박민훈,53405,n32,1,3
박민훈,53405,n33,1,미진행
박민훈,53405,n34,미진행,2
정민영,36882,n11,미진행,3
정민영,36882,n12,3,미진행
정민영,36882,n13,1,3
정민영,36882,n14,2,3
정민영,36882,n21,2,미진행
정민영,36882,n22,3,3
정민영,36882,n23,1,2
정민영,36882,n24,3,미진행
정민영,36882,n31,1,3
정민영,36882,n32,3,미진행
정민영,36882,n33,1,3
정민영,36882,n34,미진행,미진행
최수훈,37006,n11,1,2
최수훈,37006,n12,2,2
최수훈,37006,n13,3,2
최수훈,37006,n14,2,1
최수훈,37006,n21,2,미진행
최수훈,37006,n22,미진행,3
최수훈,37006,n23,2,2
최수훈,37006,n24,미진행,미진행
최수훈,37006,n31,2,2
최수훈,37006,n32,3,1
최수훈,37006,n33,미진행,미진행
최수훈,37006,n34,3,1
최수윤,18485,n11,3,1
최수윤,18485,n12,2,2
최수윤,18485,n13,2,2
최수윤,18485,n14,1,2
최수윤,18485,n21,1,1
최수윤,18485,n22,3,1
최수윤,18485,n23,미진행,1
최수윤,18485,n24,1,1
최수윤,18485,n31,1,3
최수윤,18485,n32,3,미진행
최수윤,18485,n33,3,2
최수윤,18485,n34,미진행,1
조현영,74810,n11,1,1
조현영,74810,n12,3,2
조현영,74810,n13,1,2
조현영,74810,n14,1,2
조현영,74810,n21,1,미진행
조현영,74810,n22,1,미진행
조현영,74810,n23,3,3
조현영,74810,n24,미진행,3
조현영,74810,n31,2,3
조현영,74810,n32,2,2
조현영,74810,n33,2,미진행
조현영,74810,n34,미진행,3
조지민,91188,n11,1,미진행
조지민,91188,n12,미진행,1
조지민,91188,n13,3,3
조지민,91188,n14,미진행,3
조지민,91188,n21,미진행,미진행
조지민,91188,n22,2,1
조지민,91188,n23,1,2
조지민,91188,n24,2,1
조지민,91188,n31,미진행,3
조지민,91188,n32,1,3
조지민,91188,n33,1,2
조지민,91188,n34,미진행,미진행
김유아,77185,n11,2,3
김유아,77185,n12,미진행,미진행
김유아,77185,n13,1,미진행
김유아,77185,n14,2,미진행
김유아,77185,n21,미진행,1
김유아,77185,n22,미진행,미진행
김유아,77185,n23,3,2
김유아,77185,n24,2,2
김유아,77185,n31,미진행,3
김유아,77185,n32,미진행,미진행
김유아,77185,n33,3,3
김유아,77185,n34,미진행,미진행
윤수호,14575,n11,미진행,미진행
윤수호,14575,n12,1,1
윤수호,14575,n13,미진행,미진행
윤수호,14575,n14,미진행,미진행
윤수호,14575,n21,3,미진행
윤수호,14575,n22,미진행,3
윤수호,14575,n23,1,2
윤수호,14575,n24,1,1
윤수호,14575,n31,미진행,3
윤수호,14575,n32,3,3
윤수호,14575,n33,1,2
윤수호,14575,n34,1,미진행
정수민,32263,n11,1,1
정수민,32263,n12,미진행,2
정수민,32263,n13,1,1
정수민,32263,n14,1,1
정수민,32263,n21,2,미진행
정수민,32263,n22,미진행,2
정수민,32263,n23,미진행,1
정수민,32263,n24,3,미진행
정수민,32263,n31,3,3
정수민,32263,n32,1,3
정수민,32263,n33,3,미진행
정수민,32263,n34,미진행,1
임지영,74697,n11,1,2
임지영,74697,n12,2,2
임지영,74697,n13,3,1
임지영,74697,n14,2,3
임지영,74697,n21,2,1
임지영,74697,n22,1,미진행
임지영,74697,n23,3,미진행
임지영,74697,n24,미진행,미진행
임지영,74697,n31,3,미진행
임지영,74697,n32,1,1
임지영,74697,n33,2,1
임지영,74697,n34,3,2
박지호,76359,n11,2,1
박지호,76359,n12,미진행,3
박지호,76359,n13,2,미진행
박지호,76359,n14,2,2
박지호,76359,n21,미진행,3
박지호,76359,n22,3,미진행
박지호,76359,n23,1,3
박지호,76359,n24,3,1
박지호,76359,n31,2,3
박지호,76359,n32,1,미진행
박지호,76359,n33,2,1
박지호,76359,n34,2,3
김유윤,89295,n11,2,2
김유윤,89295,n12,3,2
김유윤,89295,n13,3,1
김유윤,89295,n14,3,2
김유윤,89295,n21,미진행,1
김유윤,89295,n22,2,1
김유윤,89295,n23,1,1
김유윤,89295,n24,2,2
김유윤,89295,n31,2,1
김유윤,89295,n32,미진행,2
김유윤,89295,n33,2,1
김유윤,89295,n34,3,3
장유원,80265,n11,3,3
장유원,80265,n12,2,3
장유원,80265,n13,1,1
장유원,80265,n14,3,1
장유원,80265,n21,미진행,1
장유원,80265,n22,1,1
장유원,80265,n23,2,1
장유원,80265,n24,2,2
장유원,80265,n31,미진행,2
장유원,80265,n32,3,미진행
장유원,80265,n33,2,미진행
장유원,80265,n34,3,1
최성원,39853,n11,미진행,미진행
최성원,39853,n12,3,2
최성원,39853,n13,2,3
최성원,39853,n14,3,미진행
최성원,39853,n21,1,미진행
최성원,39853,n22,1,1
최성원,39853,n23,미진행,미진행
최성원,39853,n24,미진행,3
최성원,39853,n31,3,2
최성원,39853,n32,2,미진행
최성원,39853,n33,미진행,2
최성원,39853,n34,1,1
이혜민,89121,n11,미진행,2
이혜민,89121,n12,1,2
이혜민,89121,n13,미진행,1
이혜민,89121,n14,2,2
이혜민,89121,n21,3,1
이혜민,89121,n22,3,미진행
이혜민,89121,n23,미진행,1
이혜민,89121,n24,미진행,1
이혜민,89121,n31,미진행,3
이혜민,89121,n32,3,미진행
이혜민,89121,n33,3,3
이혜민,89121,n34,3,1
장현원,25653,n11,미진행,2
장현원,25653,n12,1,미진행
장현원,25653,n13,미진행,1
장현원,25653,n14,2,1
장현원,25653,n21,미진행,2
장현원,25653,n22,2,2
장현원,25653,n23,3,미진행
장현원,25653,n24,2,미진행
장현원,25653,n31,2,1
장현원,25653,n32,3,1
장현원,25653,n33,2,3
장현원,25653,n34,1,1
윤유수,57620,n11,1,3
윤유수,57620,n12,2,3
윤유수,57620,n13,2,3
윤유수,57620,n14,3,2
윤유수,57620,n21,3,미진행
윤유수,57620,n22,3,2
윤유수,57620,n23,2,미진행
윤유수,57620,n24,1,2
윤유수,57620,n31,2,1
윤유수,57620,n32,1,3
윤유수,57620,n33,1,2
윤유수,57620,n34,3,미진행
장성아,62739,n11,3,1
장성아,62739,n12,2,미진행
장성아,62739,n13,1,2
장성아,62739,n14,3,1
장성아,62739,n21,미진행,2
장성아,62739,n22,1,2
장성아,62739,n23,미진행,1
장성아,62739,n24,2,미진행
장성아,62739,n31,1,미진행
장성아,62739,n32,미진행,1
장성아,62739,n33,2,1
장성아,62739,n34,미진행,1
정예원,54119,n11,미진행,1
정예원,54119,n12,1,3
정예원,54119,n13,1,1
정예원,54119,n14,3,3
정예원,54119,n21,1,2
정예원,54119,n22,2,1
정예원,54119,n23,2,1
정예원,54119,n24,3,1
정예원,54119,n31,미진행,3
정예원,54119,n32,1,2
정예원,54119,n33,3,2
정예원,54119,n34,미진행,미진행
윤민수,23471,n11,1,미진행
윤민수,23471,n12,2,1
윤민수,23471,n13,1,미진행
윤민수,23471,n14,2,1
윤민수,23471,n21,3,2
윤민수,23471,n22,2,미진행
윤민수,23471,n23,미진행,2
윤민수,23471,n24,2,3
윤민수,23471,n31,3,미진행
윤민수,23471,n32,3,2
윤민수,23471,n33,2,2
윤민수,23471,n34,미진행,3
윤성아,68846,n11,3,미진행
윤성아,68846,n12,2,2
윤성아,68846,n13,1,1
윤성아,68846,n14,3,3
윤성아,68846,n21,1,미진행
윤성아,68846,n22,미진행,미진행
윤성아,68846,n23,미진행,미진행
윤성아,68846,n24,1,2
윤성아,68846,n31,미진행,2
윤성아,68846,n32,미진행,미진행
윤성아,68846,n33,미진행,미진행
윤성아,68846,n34,1,미진행
박철영,93167,n11,2,2
박철영,93167,n12,3,1
박철영,93167,n13,1,1
박철영,93167,n14,미진행,2
박철영,93167,n21,3,2
박철영,93167,n22,3,2
박철영,93167,n23,미진행,3
박철영,93167,n24,미진행,미진행
박철영,93167,n31,3,미진행
박철영,93167,n32,3,1
박철영,93167,n33,미진행,미진행
박철영,93167,n34,2,3
이철윤,86972,n11,미진행,1
이철윤,86972,n12,3,2
이철윤,86972,n13,2,미진행
이철윤,86972,n14,2,1
이철윤,86972,n21,2,2
이철윤,86972,n22,미진행,미진행
이철윤,86972,n23,미진행,2
이철윤,86972,n24,3,2
이철윤,86972,n31,미진행,3
이철윤,86972,n32,1,2
이철윤,86972,n33,2,1
이철윤,86972,n34,1,2
정현수,15869,n11,1,미진행
정현수,15869,n12,2,3
정현수,15869,n13,2,1
정현수,15869,n14,미진행,2
정현수,15869,n21,1,3
정현수,15869,n22,3,미진행
정현수,15869,n23,2,1
정현수,15869,n24,1,2
정현수,15869,n31,1,3
정현수,15869,n32,3,3
정현수,15869,n33,1,2
정현수,15869,n34,미진행,3
정성훈,34603,n11,미진행,미진행
정성훈,34603,n12,3,1
정성훈,34603,n13,미진행,2
정성훈,34603,n14,2,미진행
정성훈,34603,n21,미진행,1
정성훈,34603,n22,1,미진행
정성훈,34603,n23,2,미진행
정성훈,34603,n24,미진행,2
정성훈,34603,n31,미진행,3
정성훈,34603,n32,2,2
정성훈,34603,n33,2,1
정성훈,34603,n34,2,3
조혜영,95422,n11,1,미진행
조혜영,95422,n12,3,3
조혜영,95422,n13,미진행,1
조혜영,95422,n14,3,3
조혜영,95422,n21,3,2
조혜영,95422,n22,1,미진행
조혜영,95422,n23,2,미진행
조혜영,95422,n24,2,미진행
조혜영,95422,n31,2,1
조혜영,95422,n32,3,미진행
조혜영,95422,n33,3,2
조혜영,95422,n34,미진행,미진행
김지윤,37002,n11,1,2
김지윤,37002,n12,2,2
김지윤,37002,n13,미진행,2
김지윤,37002,n14,미진행,2
김지윤,37002,n21,3,미진행
김지윤,37002,n22,미진행,미진행
김지윤,37002,n23,미진행,3
김지윤,37002,n24,1,3
김지윤,37002,n31,미진행,1
김지윤,37002,n32,3,미진행
김지윤,37002,n33,미진행,3
김지윤,37002,n34,미진행,2
조예영,35368,n11,2,1
조예영,35368,n12,미진행,미진행
조예영,35368,n13,3,2
조예영,35368,n14,미진행,2
조예영,35368,n21,미진행,미진행
조예영,35368,n22,1,1
조예영,35368,n23,1,3
조예영,35368,n24,3,1
조예영,35368,n31,2,1
조예영,35368,n32,3,3
조예영,35368,n33,2,미진행
조예영,35368,n34,1,미진행
조혜훈,66240,n11,2,2
조혜훈,66240,n12,1,1
조혜훈,66240,n13,1,미진행
조혜훈,66240,n14,1,3
조혜훈,66240,n21,3,미진행
조혜훈,66240,n22,미진행,2
조혜훈,66240,n23,3,3
조혜훈,66240,n24,미진행,2
조혜훈,66240,n31,3,1
조혜훈,66240,n32,2,2
조혜훈,66240,n33,1,미진행
조혜훈,66240,n34,3,2
정현수,47014,n11,미진행,미진행
정현수,47014,n12,2,2
정현수,47014,n13,2,1
정현수,47014,n14,3,1
정현수,47014,n21,2,미진행
정현수,47014,n22,미진행,3
정현수,47014,n23,2,3
정현수,47014,n24,2,3
정현수,47014,n31,미진행,2
정현수,47014,n32,1,1
정현수,47014,n33,미진행,3
정현수,47014,n34,1,미진행
김유진,88988,n11,미진행,3
김유진,88988,n12,미진행,1
김유진,88988,n13,3,2
김유진,88988,n14,1,1
김유진,88988,n21,미진행,미진행
김유진,88988,n22,2,2
김유진,88988,n23,미진행,3
김유진,88988,n24,미진행,3
김유진,88988,n31,3,3
김유진,88988,n32,1,3
김유진,88988,n33,3,1
김유진,88988,n34,1,2
박혜민,37916,n11,1,2
박혜민,37916,n12,2,미진행
박혜민,37916,n13,1,2
박혜민,37916,n14,미진행,1
박혜민,37916,n21,1,3
박혜민,37916,n22,2,3
박혜민,37916,n23,3,1
박혜민,37916,n24,미진행,3
박혜민,37916,n31,1,1
박혜민,37916,n32,미진행,3
박혜민,37916,n33,3,1
박혜민,37916,n34,3,1
장성수,90947,n11,1,1
장성수,90947,n12,3,미진행
장성수,90947,n13,2,미진행
장성수,90947,n14,3,3
장성수,90947,n21,3,3
장성수,90947,n22,1,2
장성수,90947,n23,미진행,2
장성수,90947,n24,1,3
장성수,90947,n31,미진행,미진행
장성수,90947,n32,1,2
장성수,90947,n33,1,2
장성수,90947,n34,미진행,2
이수아,30774,n11,2,1
이수아,30774,n12,미진행,미진행
이수아,30774,n13,2,미진행
이수아,30774,n14,미진행,3
이수아,30774,n21,1,3
이수아,30774,n22,1,미진행
이수아,30774,n23,3,3
이수아,30774,n24,미진행,미진행
이수아,30774,n31,1,2
이수아,30774,n32,2,1
이수아,30774,n33,3,3
이수아,30774,n34,3,1
김성진,94801,n11,2,1
김성진,94801,n12,3,3
김성진,94801,n13,미진행,미진행
김성진,94801,n14,1,미진행
김성진,94801,n21,미진행,3
김성진,94801,n22,미진행,1
김성진,94801,n23,미진행,1
김성진,94801,n24,2,3
김성진,94801,n31,미진행,3
김성진,94801,n32,미진행,3
김성진,94801,n33,미진행,1
김성진,94801,n34,1,2
임유원,64416,n11,1,2
임유원,64416,n12,2,1
임유원,64416,n13,3,미진행
임유원,64416,n14,미진행,1
임유원,64416,n21,1,미진행
임유원,64416,n22,1,1
임유원,64416,n23,2,미진행
임유원,64416,n24,2,1
임유원,64416,n31,2,2
임유원,64416,n32,2,2
임유원,64416,n33,3,1
임유원,64416,n34,1,1
윤지아,56204,n11,미진행,미진행
윤지아,56204,n12,3,미진행
윤지아,56204,n13,2,3
윤지아,56204,n14,2,미진행
윤지아,56204,n21,1,1
윤지아,56204,n22,미진행,3
윤지아,56204,n23,미진행,2
윤지아,56204,n24,1,3
윤지아,56204,n31,3,3
윤지아,56204,n32,3,3
윤지아,56204,n33,1,미진행
윤지아,56204,n34,2,1
강혜호,55242,n11,2,3
강혜호,55242,n12,2,3
강혜호,55242,n13,1,1
강혜호,55242,n14,3,1
강혜호,55242,n21,1,1
강혜호,55242,n22,3,3
강혜호,55242,n23,미진행,미진행
강혜호,55242,n24,미진행,3
강혜호,55242,n31,1,미진행
강혜호,55242,n32,미진행,3
강혜호,55242,n33,미진행,2
강혜호,55242,n34,3,1
장민원,22940,n11,미진행,1
장민원,22940,n12,2,1
장민원,22940,n13,2,2
장민원,22940,n14,1,미진행
장민원,22940,n21,1,3
장민원,22940,n22,3,1
장민원,22940,n23,3,2
장민원,22940,n24,미진행,1
장민원,22940,n31,미진행,3
장민원,22940,n32,미진행,2
장민원,22940,n33,3,3
장민원,22940,n34,1,미진행
정지영,50158,n11,3,미진행
정지영,50158,n12,2,2
정지영,50158,n13,1,1
정지영,50158,n14,1,3
정지영,50158,n21,미진행,3
정지영,50158,n22,3,미진행
정지영,50158,n23,2,3
정지영,50158,n24,1,2
정지영,50158,n31,미진행,2
정지영,50158,n32,1,1
정지영,50158,n33,미진행,미진행
정지영,50158,n34,3,3
정수아,41292,n11,1,2
정수아,41292,n12,3,미진행
정수아,41292,n13,3,2
정수아,41292,n14,1,미진행
정수아,41292,n21,3,1
정수아,41292,n22,2,미진행
정수아,41292,n23,미진행,1
정수아,41292,n24,1,미진행
정수아,41292,n31,2,미진행
정수아,41292,n32,3,미진행
정수아,41292,n33,2,미진행
정수아,41292,n34,3,2
정민원,15785,n11,미진행,미진행
정민원,15785,n12,2,3
정민원,15785,n13,3,3
정민원,15785,n14,미진행,3
정민원,15785,n21,미진행,1
정민원,15785,n22,3,1
정민원,15785,n23,2,1
정민원,15785,n24,1,3
정민원,15785,n31,3,1
정민원,15785,n32,1,미진행
정민원,15785,n33,3,3
정민원,15785,n34,1,미진행
조수민,83014,n11,3,미진행
조수민,83014,n12,3,1
조수민,83014,n13,3,미진행
조수민,83014,n14,2,1
조수민,83014,n21,미진행,미진행
조수민,83014,n22,1,미진행
조수민,83014,n23,3,3
조수민,83014,n24,미진행,3
조수민,83014,n31,2,3
조수민,83014,n32,미진행,1
조수민,83014,n33,3,미진행
조수민,83014,n34,1,1
강영호,89237,n11,2,3
강영호,89237,n12,미진행,1
강영호,89237,n13,미진행,1
강영호,89237,n14,3,1
강영호,89237,n21,1,3
강영호,89237,n22,2,미진행
강영호,89237,n23,1,미진행
강영호,89237,n24,미진행,1
강영호,89237,n31,1,3
강영호,89237,n32,2,1
강영호,89237,n33,1,미진행
강영호,89237,n34,2,1
정성원,20282,n11,미진행,미진행
정성원,20282,n12,미진행,1
정성원,20282,n13,2,미진행
정성원,20282,n14,1,2
정성원,20282,n21,3,2
정성원,20282,n22,1,미진행
정성원,20282,n23,2,2
정성원,20282,n24,3,미진행
정성원,20282,n31,1,미진행
정성원,20282,n32,3,3
정성원,20282,n33,미진행,1
정성원,20282,n34,3,미진행
최예영,25186,n11,미진행,1
최예영,25186,n12,2,3
최예영,25186,n13,2,1
최예영,25186,n14,1,1
최예영,25186,n21,2,2
최예영,25186,n22,3,1
최예영,25186,n23,1,1
최예영,25186,n24,2,1
최예영,25186,n31,1,미진행
최예영,25186,n32,미진행,1
최예영,25186,n33,2,1
최예영,25186,n34,미진행,3
장민원,13210,n11,2,미진행
장민원,13210,n12,1,3
장민원,13210,n13,미진행,3
장민원,13210,n14,3,2
장민원,13210,n21,2,2
장민원,13210,n22,2,미진행
장민원,13210,n23,미진행,미진행
장민원,13210,n24,미진행,미진행
장민원,13210,n31,미진행,3
장민원,13210,n32,2,3
장민원,13210,n33,2,1
장민원,13210,n34,미진행,2
이혜진,39744,n11,1,1
이혜진,39744,n12,1,1
이혜진,39744,n13,미진행,2
이혜진,39744,n14,미진행,3
이혜진,39744,n21,2,미진행
이혜진,39744,n22,1,3
이혜진,39744,n23,1,2
이혜진,39744,n24,1,3
이혜진,39744,n31,미진행,미진행
이혜진,39744,n32,미진행,3
이혜진,39744,n33,3,미진행
이혜진,39744,n34,2,1
최수아,93874,n11,1,미진행
최수아,93874,n12,1,3
최수아,93874,n13,미진행,3
최수아,93874,n14,미진행,1
최수아,93874,n21,2,미진행
최수아,93874,n22,1,미진행
최수아,93874,n23,미진행,1
최수아,93874,n24,1,3
최수아,93874,n31,1,미진행
최수아,93874,n32,3,2
최수아,93874,n33,2,1
최수아,93874,n34,미진행,1
이영아,78878,n11,3,1
이영아,78878,n12,1,2
이영아,78878,n13,미진행,1
이영아,78878,n14,미진행,2
이영아,78878,n21,1,1
이영아,78878,n22,3,3
이영아,78878,n23,3,3
이영아,78878,n24,1,1
이영아,78878,n31,미진행,2
이영아,78878,n32,1,미진행
이영아,78878,n33,미진행,2
이영아,78878,n34,미진행,1
최현윤,28948,n11,3,1
최현윤,28948,n12,2,2
최현윤,28948,n13,1,2
최현윤,28948,n14,1,1
최현윤,28948,n21,2,미진행
최현윤,28948,n22,3,3
최현윤,28948,n23,2,미진행
최현윤,28948,n24,미진행,2
최현윤,28948,n31,3,1
최현윤,28948,n32,2,1
최현윤,28948,n33,미진행,2
최현윤,28948,n34,2,2
정민민,84672,n11,3,미진행
정민민,84672,n12,3,3
정민민,84672,n13,1,1
정민민,84672,n14,미진행,3
정민민,84672,n21,3,1
정민민,84672,n22,미진행,3
정민민,84672,n23,3,미진행
정민민,84672,n24,3,2
정민민,84672,n31,2,1
정민민,84672,n32,2,1
정민민,84672,n33,미진행,1
정민민,84672,n34,미진행,2
박민호,67426,n11,2,1
박민호,67426,n12,1,2
박민호,67426,n13,3,2
박민호,67426,n14,1,3
박민호,67426,n21,2,3
박민호,67426,n22,미진행,미진행
박민호,67426,n23,1,2
박민호,67426,n24,2,1
박민호,67426,n31,1,미진행
박민호,67426,n32,미진행,3
박민호,67426,n33,3,미진행
박민호,67426,n34,3,미진행
박철호,35537,n11,1,1
박철호,35537,n12,미진행,미진행
박철호,35537,n13,2,미진행
박철호,35537,n14,3,1
박철호,35537,n21,3,3
박철호,35537,n22,3,2
박철호,35537,n23,3,미진행
박철호,35537,n24,미진행,1
박철호,35537,n31,1,1
박철호,35537,n32,2,2
박철호,35537,n33,1,1
박철호,35537,n34,2,2
김수민,94756,n11,3,미진행
김수민,94756,n12,2,미진행
김수민,94756,n13,2,3
김수민,94756,n14,2,2
김수민,94756,n21,1,1
김수민,94756,n22,미진행,1
김수민,94756,n23,2,2
김수민,94756,n24,2,1
김수민,94756,n31,1,미진행
김수민,94756,n32,1,2
김수민,94756,n33,2,2
김수민,94756,n34,3,1
장현원,15044,n11,미진행,3
장현원,15044,n12,미진행,3
장현원,15044,n13,3,1
장현원,15044,n14,2,2
장현원,15044,n21,3,2
장현원,15044,n22,1,1
장현원,15044,n23,1,1
장현원,15044,n24,2,3
장현원,15044,n31,2,1
장현원,15044,n32,2,미진행
장현원,15044,n33,미진행,미진행
장현원,15044,n34,2,2
정혜진,71763,n11,2,3
정혜진,71763,n12,2,2
정혜진,71763,n13,2,1
정혜진,71763,n14,2,2
정혜진,71763,n21,2,2
정혜진,71763,n22,미진행,미진행
정혜진,71763,n23,3,미진행
정혜진,71763,n24,3,3
정혜진,71763,n31,1,1
정혜진,71763,n32,2,미진행
정혜진,71763,n33,미진행,2
정혜진,71763,n34,3,1
조현아,14347,n11,2,1
조현아,14347,n12,2,미진행
조현아,14347,n13,1,1
조현아,14347,n14,1,3
조현아,14347,n21,1,미진행
조현아,14347,n22,1,1
조현아,14347,n23,3,1
조현아,14347,n24,2,1
조현아,14347,n31,3,1
조현아,14347,n32,2,1
조현아,14347,n33,2,3
조현아,14347,n34,2,1
최영원,80241,n11,3,2
최영원,80241,n12,3,3
최영원,80241,n13,1,2
최영원,80241,n14,3,2
최영원,80241,n21,1,3
최영원,80241,n22,3,미진행
최영원,80241,n23,2,미진행
최영원,80241,n24,3,3
최영원,80241,n31,3,2
최영원,80241,n32,3,미진행
최영원,80241,n33,1,2
최영원,80241,n34,2,3
정유호,80234,n11,2,3
정유호,80234,n12,3,1
정유호,80234,n13,1,3
정유호,80234,n14,2,2
정유호,80234,n21,미진행,1
정유호,80234,n22,2,1
정유호,80234,n23,2,2
정유호,80234,n24,3,미진행
정유호,80234,n31,3,2
정유호,80234,n32,미진행,1
정유호,80234,n33,미진행,3
정유호,80234,n34,1,3
최수호,52004,n11,1,2
최수호,52004,n12,3,3
최수호,52004,n13,3,3
최수호,52004,n14,미진행,미진행
최수호,52004,n21,3,미진행
최수호,52004,n22,2,미진행
최수호,52004,n23,2,미진행
최수호,52004,n24,3,2
최수호,52004,n31,1,3
최수호,52004,n32,미진행,3
최수호,52004,n33,3,3
최수호,52004,n34,2,미진행
조현아,16404,n11,미진행,3
조현아,16404,n12,미진행,2
조현아,16404,n13,3,2
조현아,16404,n14,2,2
조현아,16404,n21,3,2
조현아,16404,n22,2,1
조현아,16404,n23,3,3
조현아,16404,n24,1,1
조현아,16404,n31,미진행,1
조현아,16404,n32,1,1
조현아,16404,n33,1,1
조현아,16404,n34,1,2
김지훈,18725,n11,1,미진행
김지훈,18725,n12,1,1
김지훈,18725,n13,2,2
김지훈,18725,n14,미진행,2
김지훈,18725,n21,1,2
김지훈,18725,n22,1,1
김지훈,18725,n23,1,2
김지훈,18725,n24,미진행,2
김지훈,18725,n31,미진행,미진행
김지훈,18725,n32,3,2
김지훈,18725,n33,3,1
김지훈,18725,n34,1,2
장영원,64841,n11,미진행,2
장영원,64841,n12,미진행,3
장영원,64841,n13,1,2
장영원,64841,n14,1,2
장영원,64841,n21,미진행,2
장영원,64841,n22,1,2
장영원,64841,n23,미진행,2
장영원,64841,n24,2,3
장영원,64841,n31,1,2
장영원,64841,n32,미진행,미진행
장영원,64841,n33,1,미진행
장영원,64841,n34,3,미진행
김예진,88413,n11,미진행,2
김예진,88413,n12,3,2
김예진,88413,n13,미진행,1
김예진,88413,n14,3,미진행
김예진,88413,n21,2,2
김예진,88413,n22,1,3
김예진,88413,n23,2,1
김예진,88413,n24,미진행,1
김예진,88413,n31,미진행,1
김예진,88413,n32,1,미진행
김예진,88413,n33,2,2
김예진,88413,n34,미진행,미진행
임현훈,68900,n11,2,2
임현훈,68900,n12,3,3
임현훈,68900,n13,2,1
임현훈,68900,n14,3,3
임현훈,68900,n21,3,2
임현훈,68900,n22,미진행,미진행
임현훈,68900,n23,3,1
임현훈,68900,n24,미진행,미진행
임현훈,68900,n31,1,미진행
임현훈,68900,n32,미진행,1
임현훈,68900,n33,2,2
임현훈,68900,n34,3,2
김현원,58302,n11,3,2
김현원,58302,n12,1,2
김현원,58302,n13,1,2
김현원,58302,n14,미진행,2
김현원,58302,n21,1,3
김현원,58302,n22,미진행,미진행
김현원,58302,n23,1,3
김현원,58302,n24,3,3
김현원,58302,n31,1,미진행
김현원,58302,n32,1,3
김현원,58302,n33,2,3
김현원,58302,n34,2,3
임영원,67940,n11,미진행,3
임영원,67940,n12,1,3
임영원,67940,n13,미진행,3
임영원,67940,n14,2,2
임영원,67940,n21,2,미진행
임영원,67940,n22,2,2
임영원,67940,n23,3,2
임영원,67940,n24,2,1
임영원,67940,n31,3,3
임영원,67940,n32,2,1
임영원,67940,n33,미진행,2
임영원,67940,n34,1,미진행
장영민,10479,n11,미진행,3
장영민,10479,n12,1,미진행
장영민,10479,n13,1,2
장영민,10479,n14,2,1
장영민,10479,n21,미진행,미진행
장영민,10479,n22,1,1
장영민,10479,n23,1,3
장영민,10479,n24,2,미진행
장영민,10479,n31,미진행,1
장영민,10479,n32,3,1
장영민,10479,n33,미진행,1
장영민,10479,n34,2,1
조수원,39484,n11,2,미진행
조수원,39484,n12,1,미진행
조수원,39484,n13,미진행,미진행
조수원,39484,n14,2,2
조수원,39484,n21,3,미진행
조수원,39484,n22,미진행,미진행
조수원,39484,n23,3,미진행
조수원,39484,n24,1,3
조수원,39484,n31,미진행,3
조수원,39484,n32,미진행,미진행
조수원,39484,n33,2,1
조수원,39484,n34,1,1
박지훈,36097,n11,3,2
박지훈,36097,n12,3,2
박지훈,36097,n13,1,1
박지훈,36097,n14,1,2
박지훈,36097,n21,3,2
박지훈,36097,n22,1,3
박지훈,36097,n23,3,1
박지훈,36097,n24,3,2
박지훈,36097,n31,1,1
박지훈,36097,n32,1,2
박지훈,36097,n33,미진행,1
박지훈,36097,n34,미진행,3
조유아,99784,n11,1,3
조유아,99784,n12,1,2
조유아,99784,n13,2,미진행
조유아,99784,n14,미진행,1
조유아,99784,n21,1,1
조유아,99784,n22,미진행,미진행
조유아,99784,n23,2,1
조유아,99784,n24,2,1
조유아,99784,n31,2,미진행
조유아,99784,n32,1,1
조유아,99784,n33,미진행,2
조유아,99784,n34,2,3
조현민,59149,n11,미진행,3
조현민,59149,n12,1,3
조현민,59149,n13,2,1
조현민,59149,n14,1,1
조현민,59149,n21,2,3
조현민,59149,n22,2,2
조현민,59149,n23,3,3
조현민,59149,n24,3,2
조현민,59149,n31,3,2
조현민,59149,n32,미진행,1
조현민,59149,n33,1,미진행
조현민,59149,n34,3,2
장혜윤,46706,n11,2,3
장혜윤,46706,n12,2,1
장혜윤,46706,n13,2,3
장혜윤,46706,n14,1,1
장혜윤,46706,n21,미진행,3
장혜윤,46706,n22,미진행,미진행
장혜윤,46706,n23,3,1
장혜윤,46706,n24,1,3
장혜윤,46706,n31,3,1
장혜윤,46706,n32,1,3
장혜윤,46706,n33,1,2
장혜윤,46706,n34,2,2
조예아,61937,n11,3,1
조예아,61937,n12,미진행,미진행
조예아,61937,n13,2,1
조예아,61937,n14,미진행,3
조예아,61937,n21,미진행,미진행
조예아,61937,n22,1,미진행
조예아,61937,n23,3,미진행
조예아,61937,n24,미진행,3
조예아,61937,n31,2,1
조예아,61937,n32,1,미진행
조예아,61937,n33,2,2
조예아,61937,n34,미진행,1
윤영영,50036,n11,미진행,2
윤영영,50036,n12,3,3
윤영영,50036,n13,3,미진행
윤영영,50036,n14,3,3
윤영영,50036,n21,1,미진행
윤영영,50036,n22,1,2
윤영영,50036,n23,미진행,미진행
윤영영,50036,n24,3,미진행
윤영영,50036,n31,3,1
윤영영,50036,n32,3,2
윤영영,50036,n33,2,미진행
윤영영,50036,n34,1,미진행
박혜진,40109,n11,미진행,2
박혜진,40109,n12,3,미진행
박혜진,40109,n13,3,1
박혜진,40109,n14,1,미진행
박혜진,40109,n21,2,2
박혜진,40109,n22,1,3
박혜진,40109,n23,미진행,2
박혜진,40109,n24,미진행,3
박혜진,40109,n31,2,2
박혜진,40109,n32,미진행,1
박혜진,40109,n33,1,1
박혜진,40109,n34,2,3
최성민,60659,n11,미진행,3
최성민,60659,n12,3,1
최성민,60659,n13,3,3
최성민,60659,n14,2,2
최성민,60659,n21,미진행,1
최성민,60659,n22,1,미진행
최성민,60659,n23,1,미진행
최성민,60659,n24,미진행,2
최성민,60659,n31,1,2
최성민,60659,n32,1,3
최성민,60659,n33,1,3
최성민,60659,n34,2,1
김철민,38835,n11,3,3
김철민,38835,n12,1,2
김철민,38835,n13,3,1
김철민,38835,n14,3,3
김철민,38835,n21,1,1
김철민,38835,n22,3,1
김철민,38835,n23,3,2
김철민,38835,n24,미진행,1
김철민,38835,n31,미진행,1
김철민,38835,n32,미진행,1
김철민,38835,n33,1,2
김철민,38835,n34,2,2
임성원,97364,n11,2,3
임성원,97364,n12,2,미진행
임성원,97364,n13,3,2
임성원,97364,n14,미진행,1
임성원,97364,n21,2,1
임성원,97364,n22,미진행,2
임성원,97364,n23,2,1
임성원,97364,n24,미진행,1
임성원,97364,n31,미진행,2
임성원,97364,n32,3,1
임성원,97364,n33,2,미진행
임성원,97364,n34,3,2
정성윤,54919,n11,미진행,미진행
정성윤,54919,n12,1,3
정성윤,54919,n13,2,2
정성윤,54919,n14,미진행,2
정성윤,54919,n21,3,2
정성윤,54919,n22,3,3
정성윤,54919,n23,2,미진행
정성윤,54919,n24,3,1
정성윤,54919,n31,1,1
정성윤,54919,n32,미진행,2
정성윤,54919,n33,1,3
정성윤,54919,n34,미진행,1
윤예아,67479,n11,3,3
윤예아,67479,n12,미진행,3
윤예아,67479,n13,1,미진행
윤예아,67479,n14,1,2
윤예아,67479,n21,2,2
윤예아,67479,n22,2,2
윤예아,67479,n23,1,3
윤예아,67479,n24,2,1
윤예아,67479,n31,2,미진행
윤예아,67479,n32,1,1
윤예아,67479,n33,미진행,3
윤예아,67479,n34,1,1
조영원,95104,n11,2,3
조영원,95104,n12,3,2
조영원,95104,n13,2,1
조영원,95104,n14,2,2
조영원,95104,n21,미진행,1
조영원,95104,n22,미진행,3
조영원,95104,n23,1,미진행
조영원,95104,n24,2,2
조영원,95104,n31,1,2
조영원,95104,n32,1,1
조영원,95104,n33,미진행,3
조영원,95104,n34,2,1
윤현원,44987,n11,1,2
윤현원,44987,n12,2,1
윤현원,44987,n13,미진행,미진행
윤현원,44987,n14,1,2
윤현원,44987,n21,2,1
윤현원,44987,n22,3,1
윤현원,44987,n23,2,2
윤현원,44987,n24,2,1
윤현원,44987,n31,2,3
윤현원,44987,n32,1,3
윤현원,44987,n33,1,3
윤현원,44987,n34,미진행,미진행
이철훈,46064,n11,2,1
이철훈,46064,n12,3,3
이철훈,46064,n13,3,2
이철훈,46064,n14,3,2
이철훈,46064,n21,2,1
이철훈,46064,n22,2,미진행
이철훈,46064,n23,미진행,2
이철훈,46064,n24,미진행,2
이철훈,46064,n31,3,1
이철훈,46064,n32,3,3
이철훈,46064,n33,3,2
이철훈,46064,n34,3,3
조예민,90076,n11,1,3
조예민,90076,n12,1,3
조예민,90076,n13,미진행,2
조예민,90076,n14,2,3
조예민,90076,n21,3,1
조예민,90076,n22,미진행,3
조예민,90076,n23,3,1
조예민,90076,n24,3,2
조예민,90076,n31,1,2
조예민,90076,n32,1,1
조예민,90076,n33,미진행,2
조예민,90076,n34,2,미진행
조성원,80536,n11,3,미진행
조성원,80536,n12,3,2
조성원,80536,n13,1,1
조성원,80536,n14,3,1
조성원,80536,n21,2,미진행
조성원,80536,n22,2,1
조성원,80536,n23,미진행,3
조성원,80536,n24,1,2
조성원,80536,n31,미진행,2
조성원,80536,n32,2,3
조성원,80536,n33,2,1
조성원,80536,n34,미진행,1
윤영윤,89489,n11,2,2
윤영윤,89489,n12,3,미진행
윤영윤,89489,n13,미진행,3
윤영윤,89489,n14,미진행,2
윤영윤,89489,n21,2,3
윤영윤,89489,n22,1,1
윤영윤,89489,n23,2,2
윤영윤,89489,n24,미진행,3
윤영윤,89489,n31,1,2
윤영윤,89489,n32,미진행,미진행
윤영윤,89489,n33,미진행,2
윤영윤,89489,n34,미진행,미진행
이성아,28964,n11,2,3
이성아,28964,n12,3,1
이성아,28964,n13,1,2
이성아,28964,n14,미진행,미진행
이성아,28964,n21,3,3
이성아,28964,n22,3,2
이성아,28964,n23,1,3
이성아,28964,n24,미진행,2
이성아,28964,n31,2,미진행
이성아,28964,n32,미진행,미진행
이성아,28964,n33,1,1
이성아,28964,n34,미진행,미진행
정예윤,90247,n11,3,2
정예윤,90247,n12,1,2
정예윤,90247,n13,1,3
정예윤,90247,n14,3,1
정예윤,90247,n21,2,미진행
정예윤,90247,n22,1,2
정예윤,90247,n23,미진행,미진행
정예윤,90247,n24,미진행,2
정예윤,90247,n31,미진행,미진행
정예윤,90247,n32,2,2
정예윤,90247,n33,3,1
정예윤,90247,n34,2,3
조유수,68725,n11,2,미진행
조유수,68725,n12,2,3
조유수,68725,n13,2,미진행
조유수,68725,n14,3,1
조유수,68725,n21,미진행,미진행
조유수,68725,n22,1,1
조유수,68725,n23,1,1
조유수,68725,n24,2,1
조유수,68725,n31,1,미진행
조유수,68725,n32,미진행,미진행
조유수,68725,n33,2,3
조유수,68725,n34,미진행,미진행
박영영,41102,n11,미진행,3
박영영,41102,n12,1,3
박영영,41102,n13,2,3
박영영,41102,n14,미진행,3
박영영,41102,n21,2,1
박영영,41102,n22,1,미진행
박영영,41102,n23,3,2
박영영,41102,n24,미진행,1
박영영,41102,n31,3,미진행
박영영,41102,n32,2,2
박영영,41102,n33,3,2
박영영,41102,n34,2,2
장유윤,52733,n11,미진행,2
장유윤,52733,n12,1,3
장유윤,52733,n13,미진행,1
장유윤,52733,n14,3,미진행
장유윤,52733,n21,1,1
장유윤,52733,n22,2,3
장유윤,52733,n23,미진행,1
장유윤,52733,n24,1,3
장유윤,52733,n31,미진행,2
장유윤,52733,n32,미진행,미진행
장유윤,52733,n33,2,1
장유윤,52733,n34,2,2
김민호,28146,n11,미진행,미진행
김민호,28146,n12,2,2
김민호,28146,n13,3,미진행
김민호,28146,n14,2,3
김민호,28146,n21,2,3
김민호,28146,n22,1,미진행
김민호,28146,n23,1,1
김민호,28146,n24,미진행,2
김민호,28146,n31,1,미진행
김민호,28146,n32,미진행,1
김민호,28146,n33,2,1
김민호,28146,n34,3,3
박민원,54755,n11,3,미진행
박민원,54755,n12,미진행,2
박민원,54755,n13,3,2
박민원,54755,n14,3,미진행
박민원,54755,n21,미진행,1
박민원,54755,n22,3,1
박민원,54755,n23,미진행,1
박민원,54755,n24,2,미진행
박민원,54755,n31,3,2
박민원,54755,n32,3,미진행
박민원,54755,n33,3,미진행
박민원,54755,n34,미진행,3
장혜영,50253,n11,2,3
장혜영,50253,n12,2,미진행
장혜영,50253,n13,1,2
장혜영,50253,n14,1,2
장혜영,50253,n21,1,1
장혜영,50253,n22,2,미진행
장혜영,50253,n23,2,3
장혜영,50253,n24,2,2
장혜영,50253,n31,1,1
장혜영,50253,n32,1,미진행
장혜영,50253,n33,2,1
장혜영,50253,n34,1,2
장수훈,63032,n11,1,2
장수훈,63032,n12,1,3
장수훈,63032,n13,3,2
장수훈,63032,n14,1,1
장수훈,63032,n21,1,3
장수훈,63032,n22,3,2
장수훈,63032,n23,1,3
장수훈,63032,n24,1,3
장수훈,63032,n31,미진행,1
장수훈,63032,n32,2,2
장수훈,63032,n33,2,미진행
장수훈,63032,n34,1,1
박유아,75109,n11,미진행,2
박유아,75109,n12,미진행,2
박유아,75109,n13,1,미진행
박유아,75109,n14,미진행,2
박유아,75109,n21,2,미진행
박유아,75109,n22,3,1
박유아,75109,n23,미진행,1
박유아,75109,n24,1,미진행
박유아,75109,n31,미진행,미진행
박유아,75109,n32,3,3
박유아,75109,n33,미진행,3
박유아,75109,n34,1,1
임예진,73151,n11,미진행,3
임예진,73151,n12,3,2
임예진,73151,n13,2,1
임예진,73151,n14,미진행,3
임예진,73151,n21,2,3
임예진,73151,n22,2,2
임예진,73151,n23,미진행,3
임예진,73151,n24,2,3
임예진,73151,n31,1,2
임예진,73151,n32,2,1
임예진,73151,n33,3,미진행
임예진,73151,n34,미진행,미진행
박유호,75988,n11,2,2
박유호,75988,n12,2,2
박유호,75988,n13,2,미진행
박유호,75988,n14,미진행,1
박유호,75988,n21,2,2
박유호,75988,n22,3,2
박유호,75988,n23,미진행,1
박유호,75988,n24,1,2
박유호,75988,n31,3,2
박유호,75988,n32,3,3
박유호,75988,n33,미진행,미진행
박유호,75988,n34,2,3
강유윤,96608,n11,1,1
강유윤,96608,n12,3,미진행
강유윤,96608,n13,3,3
강유윤,96608,n14,1,3
강유윤,96608,n21,2,미진행
강유윤,96608,n22,1,2
강유윤,96608,n23,1,3
강유윤,96608,n24,미진행,2
강유윤,96608,n31,1,1
강유윤,96608,n32,미진행,1
강유윤,96608,n33,1,2
강유윤,96608,n34,3,1
장예영,87364,n11,미진행,3
장예영,87364,n12,2,1
장예영,87364,n13,1,미진행
장예영,87364,n14,2,3
장예영,87364,n21,1,1
장예영,87364,n22,1,1
장예영,87364,n23,미진행,미진행
장예영,87364,n24,2,2
장예영,87364,n31,2,2
장예영,87364,n32,3,미진행
장예영,87364,n33,미진행,1
장예영,87364,n34,미진행,2
정영훈,77152,n11,3,미진행
정영훈,77152,n12,3,2
정영훈,77152,n13,미진행,2
정영훈,77152,n14,1,3
정영훈,77152,n21,3,1
정영훈,77152,n22,미진행,미진행
정영훈,77152,n23,3,1
정영훈,77152,n24,1,3
정영훈,77152,n31,2,미진행
정영훈,77152,n32,3,2
정영훈,77152,n33,미진행,2
정영훈,77152,n34,3,3
박유윤,88684,n11,미진행,2
박유윤,88684,n12,2,1
박유윤,88684,n13,2,2
박유윤,88684,n14,2,미진행
박유윤,88684,n21,1,2
박유윤,88684,n22,1,1
박유윤,88684,n23,3,미진행
박유윤,88684,n24,2,2
박유윤,88684,n31,미진행,1
박유윤,88684,n32,미진행,미진행
박유윤,88684,n33,3,미진행
박유윤,88684,n34,3,1
이지진,37819,n11,2,1
이지진,37819,n12,1,1
이지진,37819,n13,미진행,미진행
이지진,37819,n14,3,3
이지진,37819,n21,1,3
이지진,37819,n22,2,1
이지진,37819,n23,2,미진행
이지진,37819,n24,1,미진행
이지진,37819,n31,미진행,3
이지진,37819,n32,2,2
이지진,37819,n33,2,미진행
이지진,37819,n34,1,3
정지훈,35226,n11,1,3
정지훈,35226,n12,2,2
정지훈,35226,n13,2,3
정지훈,35226,n14,미진행,미진행
정지훈,35226,n21,3,1
정지훈,35226,n22,1,3
정지훈,35226,n23,1,1
정지훈,35226,n24,3,1
정지훈,35226,n31,3,2
정지훈,35226,n32,3,1
정지훈,35226,n33,미진행,3
정지훈,35226,n34,2,1
장혜진,93907,n11,2,3
장혜진,93907,n12,3,2
장혜진,93907,n13,미진행,3
장혜진,93907,n14,2,2
장혜진,93907,n21,1,1
장혜진,93907,n22,3,2
장혜진,93907,n23,1,1
장혜진,93907,n24,미진행,미진행
장혜진,93907,n31,미진행,2
장혜진,93907,n32,2,1
장혜진,93907,n33,2,3
장혜진,93907,n34,미진행,1
장수민,74495,n11,2,미진행
장수민,74495,n12,미진행,1
장수민,74495,n13,1,3
장수민,74495,n14,미진행,미진행
장수민,74495,n21,1,2
장수민,74495,n22,3,1
장수민,74495,n23,미진행,1
장수민,74495,n24,미진행,미진행
장수민,74495,n31,미진행,미진행
장수민,74495,n32,3,3
장수민,74495,n33,3,1
장수민,74495,n34,2,2
조유윤,54582,n11,3,3
조유윤,54582,n12,미진행,2
조유윤,54582,n13,1,3
조유윤,54582,n14,미진행,3
조유윤,54582,n21,3,3
조유윤,54582,n22,1,2
조유윤,54582,n23,1,미진행
조유윤,54582,n24,1,2
조유윤,54582,n31,미진행,2
조유윤,54582,n32,3,3
조유윤,54582,n33,3,미진행
조유윤,54582,n34,1,1
조예수,12021,n11,2,1
조예수,12021,n12,1,3
조예수,12021,n13,3,2
조예수,12021,n14,2,1
조예수,12021,n21,3,미진행
조예수,12021,n22,2,미진행
조예수,12021,n23,3,2
조예수,12021,n24,3,2
조예수,12021,n31,1,2
조예수,12021,n32,1,1
조예수,12021,n33,3,1
조예수,12021,n34,미진행,미진행
